location,best_mae,n_predictions
asheville,0.11565579829211575,1054
chicago,0.10577601335294033,3055
kauai,0.09334240569773515,2166
