location,best_mae,n_predictions
asheville,0.11559674067926981,1054
chicago,0.10613837959591435,3055
kauai,0.08954381878070473,2166
